{
  "status": [
    {
      "id": 1,
      "message": "Hello Dorathy",
      "image": "../assets/images/background.jpeg",
      "comment": "nice"
    },
    {
      "id": 2,
      "message": "hii hello",
      "image": "../assets/images/birds.jpeg",
      "comment": ""
    },
    {
      "id": 3,
      "message": "hii hello",
      "image": "../assets/images/capgbuilding.jpeg",
      "comment": ""
    },
    {
      "id": 4,
      "message": "hii hello",
      "image": "../assets/images/flower.jpeg",
      "comment": ""
    },
    {
      "id": 5,
      "message": "hii hello",
      "image": "../assets/images/invent.jpeg",
      "comment": ""
    },
    {
      "id": 6,
      "message": "hii hello",
      "image": "../assets/images/mahabharat.jpeg",
      "comment": ""
    },
    {
      "id": 7,
      "message": "hii hello",
      "image": "../assets/images/rainglass.jpeg",
      "comment": ""
    },
    {
      "id": 8,
      "message": "hii hello",
      "image": "../assets/images/shutterstock.jpg",
      "comment": ""
    }
  ]
}